(member conn (member client (parameter 0 (parameter 0 (member use (return (root https://www.npmjs.com/package/socket.io))))))),close
(member conn (parameter 0 (parameter 1 (member on (return (member of (return (root https://www.npmjs.com/package/socket.io)))))))),packetCreate
(member conn (parameter 0 (parameter 1 (member on (return (member of (return (root https://www.npmjs.com/package/socket.io)))))))),packetCreate
(member conn (parameter 0 (parameter 1 (member on (return (member of (return (root https://www.npmjs.com/package/socket.io)))))))),packetCreate
(member conn (parameter 0 (parameter 1 (member on (return (member of (return (root https://www.npmjs.com/package/socket.io)))))))),packetCreate
(member conn (parameter 0 (parameter 1 (member on (return (root https://www.npmjs.com/package/socket.io)))))),upgrade
(member conn (parameter 0 (parameter 1 (member on (return (root https://www.npmjs.com/package/socket.io)))))),upgrade
(member conn (parameter 0 (parameter 1 (member on (return (root https://www.npmjs.com/package/socket.io)))))),upgrade
(member conn (parameter 0 (parameter 1 (member on (return (root https://www.npmjs.com/package/socket.io)))))),upgrade
(parameter 0 (parameter 1 (member of (return (root https://www.npmjs.com/package/socket.io))))),hi
(parameter 0 (parameter 1 (member of (return (root https://www.npmjs.com/package/socket.io))))),disconnect
(parameter 0 (parameter 1 (member of (return (root https://www.npmjs.com/package/socket.io))))),disconnect
(parameter 0 (parameter 1 (member of (return (root https://www.npmjs.com/package/socket.io))))),disconnect
(parameter 0 (parameter 1 (member of (return (root https://www.npmjs.com/package/socket.io))))),disconnect
(parameter 0 (parameter 1 (member on (return (root https://www.npmjs.com/package/socket.io))))),big
(parameter 0 (parameter 1 (member on (return (root https://www.npmjs.com/package/socket.io))))),big
(parameter 0 (parameter 1 (member on (return (root https://www.npmjs.com/package/socket.io))))),buff
(parameter 0 (parameter 1 (member on (return (root https://www.npmjs.com/package/socket.io))))),disconnect
(parameter 0 (parameter 1 (member on (return (root https://www.npmjs.com/package/socket.io))))),disconnect
(parameter 0 (parameter 1 (member on (return (root https://www.npmjs.com/package/socket.io))))),disconnecting
(parameter 0 (parameter 1 (member on (return (root https://www.npmjs.com/package/socket.io))))),error
(parameter 0 (parameter 1 (member on (return (root https://www.npmjs.com/package/socket.io))))),message
(parameter 0 (parameter 1 (member on (return (root https://www.npmjs.com/package/socket.io))))),message
(parameter 0 (parameter 1 (member on (return (root https://www.npmjs.com/package/socket.io))))),multiple
(parameter 0 (parameter 1 (member on (return (root https://www.npmjs.com/package/socket.io))))),random
(parameter 0 (parameter 1 (member on (return (root https://www.npmjs.com/package/socket.io))))),woot
(parameter 0 (parameter 1 (member on (return (root https://www.npmjs.com/package/socket.io))))),woot
(parameter 0 (parameter 1 (member on (return (root https://www.npmjs.com/package/socket.io))))),woot
(parameter 0 (parameter 1 (member on (return (root https://www.npmjs.com/package/socket.io))))),woot
(parameter 0 (parameter 1 (member on (return (root https://www.npmjs.com/package/socket.io))))),yoyo
(parameter 0 (parameter 1 (member on (return (root https://www.npmjs.com/package/socket.io))))),error
(parameter 0 (parameter 1 (member on (return (root https://www.npmjs.com/package/socket.io))))),error
(parameter 0 (parameter 1 (member on (return (root https://www.npmjs.com/package/socket.io))))),broadcast
(parameter 0 (parameter 1 (member on (return (root https://www.npmjs.com/package/socket.io))))),broadcast
(parameter 0 (parameter 1 (member on (return (root https://www.npmjs.com/package/socket.io))))),broadcast
(parameter 0 (parameter 1 (member on (return (root https://www.npmjs.com/package/socket.io))))),emit
(parameter 0 (parameter 1 (member on (return (root https://www.npmjs.com/package/socket.io))))),emit
(parameter 0 (parameter 1 (member on (return (root https://www.npmjs.com/package/socket.io))))),ev
(parameter 0 (parameter 1 (member on (return (root https://www.npmjs.com/package/socket.io))))),finish
(parameter 0 (parameter 1 (member on (return (root https://www.npmjs.com/package/socket.io))))),join
(parameter 0 (parameter 1 (member on (return (root https://www.npmjs.com/package/socket.io))))),join
(parameter 0 (parameter 1 (member on (return (root https://www.npmjs.com/package/socket.io))))),join
(parameter 0 (parameter 1 (member on (return (root https://www.npmjs.com/package/socket.io))))),join
(parameter 0 (parameter 1 (member on (return (root https://www.npmjs.com/package/socket.io))))),join
(parameter 0 (parameter 1 (member on (return (root https://www.npmjs.com/package/socket.io))))),join
(parameter 0 (parameter 1 (member on (return (root https://www.npmjs.com/package/socket.io))))),wrap
(return (member of (return (root https://www.npmjs.com/package/socket.io)))),connect
(return (member of (return (root https://www.npmjs.com/package/socket.io)))),connection
(return (member of (return (root https://www.npmjs.com/package/socket.io)))),connection
(return (member of (return (root https://www.npmjs.com/package/socket.io)))),connection
(return (member of (return (root https://www.npmjs.com/package/socket.io)))),connection
(return (member of (return (root https://www.npmjs.com/package/socket.io)))),connection
(return (member of (return (root https://www.npmjs.com/package/socket.io)))),connection
(return (member of (return (root https://www.npmjs.com/package/socket.io)))),connection
(return (member of (return (root https://www.npmjs.com/package/socket.io)))),connection
(return (member of (return (root https://www.npmjs.com/package/socket.io)))),connection
(return (member of (return (root https://www.npmjs.com/package/socket.io)))),connection
(return (member of (return (root https://www.npmjs.com/package/socket.io)))),connection
(return (member of (return (root https://www.npmjs.com/package/socket.io)))),connection
(return (member of (return (root https://www.npmjs.com/package/socket.io)))),connection
(return (member of (return (root https://www.npmjs.com/package/socket.io)))),connection
(return (member of (return (root https://www.npmjs.com/package/socket.io)))),connection
(return (member of (return (root https://www.npmjs.com/package/socket.io)))),connection
(return (member of (return (root https://www.npmjs.com/package/socket.io)))),connection
(return (member of (return (root https://www.npmjs.com/package/socket.io)))),connection
(return (member on (member conn (member client (parameter 0 (parameter 0 (member use (return (root https://www.npmjs.com/package/socket.io))))))))),close
(return (member on (member conn (parameter 0 (parameter 1 (member on (return (root https://www.npmjs.com/package/socket.io)))))))),upgrade
(return (member on (member conn (parameter 0 (parameter 1 (member on (return (root https://www.npmjs.com/package/socket.io)))))))),upgrade
(return (member on (member conn (parameter 0 (parameter 1 (member on (return (root https://www.npmjs.com/package/socket.io)))))))),upgrade
(return (member on (member conn (parameter 0 (parameter 1 (member on (return (root https://www.npmjs.com/package/socket.io)))))))),upgrade
(return (member on (parameter 0 (parameter 1 (member of (return (root https://www.npmjs.com/package/socket.io))))))),hi
(return (member on (parameter 0 (parameter 1 (member of (return (root https://www.npmjs.com/package/socket.io))))))),disconnect
(return (member on (parameter 0 (parameter 1 (member of (return (root https://www.npmjs.com/package/socket.io))))))),disconnect
(return (member on (parameter 0 (parameter 1 (member of (return (root https://www.npmjs.com/package/socket.io))))))),disconnect
(return (member on (parameter 0 (parameter 1 (member of (return (root https://www.npmjs.com/package/socket.io))))))),disconnect
(return (member on (parameter 0 (parameter 1 (member on (return (root https://www.npmjs.com/package/socket.io))))))),big
(return (member on (parameter 0 (parameter 1 (member on (return (root https://www.npmjs.com/package/socket.io))))))),big
(return (member on (parameter 0 (parameter 1 (member on (return (root https://www.npmjs.com/package/socket.io))))))),buff
(return (member on (parameter 0 (parameter 1 (member on (return (root https://www.npmjs.com/package/socket.io))))))),disconnect
(return (member on (parameter 0 (parameter 1 (member on (return (root https://www.npmjs.com/package/socket.io))))))),disconnect
(return (member on (parameter 0 (parameter 1 (member on (return (root https://www.npmjs.com/package/socket.io))))))),disconnecting
(return (member on (parameter 0 (parameter 1 (member on (return (root https://www.npmjs.com/package/socket.io))))))),error
(return (member on (parameter 0 (parameter 1 (member on (return (root https://www.npmjs.com/package/socket.io))))))),message
(return (member on (parameter 0 (parameter 1 (member on (return (root https://www.npmjs.com/package/socket.io))))))),message
(return (member on (parameter 0 (parameter 1 (member on (return (root https://www.npmjs.com/package/socket.io))))))),multiple
(return (member on (parameter 0 (parameter 1 (member on (return (root https://www.npmjs.com/package/socket.io))))))),random
(return (member on (parameter 0 (parameter 1 (member on (return (root https://www.npmjs.com/package/socket.io))))))),woot
(return (member on (parameter 0 (parameter 1 (member on (return (root https://www.npmjs.com/package/socket.io))))))),woot
(return (member on (parameter 0 (parameter 1 (member on (return (root https://www.npmjs.com/package/socket.io))))))),woot
(return (member on (parameter 0 (parameter 1 (member on (return (root https://www.npmjs.com/package/socket.io))))))),woot
(return (member on (parameter 0 (parameter 1 (member on (return (root https://www.npmjs.com/package/socket.io))))))),yoyo
(return (member on (parameter 0 (parameter 1 (member on (return (root https://www.npmjs.com/package/socket.io))))))),broadcast
(return (member on (parameter 0 (parameter 1 (member on (return (root https://www.npmjs.com/package/socket.io))))))),broadcast
(return (member on (parameter 0 (parameter 1 (member on (return (root https://www.npmjs.com/package/socket.io))))))),broadcast
(return (member on (parameter 0 (parameter 1 (member on (return (root https://www.npmjs.com/package/socket.io))))))),emit
(return (member on (parameter 0 (parameter 1 (member on (return (root https://www.npmjs.com/package/socket.io))))))),emit
(return (member on (parameter 0 (parameter 1 (member on (return (root https://www.npmjs.com/package/socket.io))))))),ev
(return (member on (parameter 0 (parameter 1 (member on (return (root https://www.npmjs.com/package/socket.io))))))),finish
(return (member on (parameter 0 (parameter 1 (member on (return (root https://www.npmjs.com/package/socket.io))))))),join
(return (member on (parameter 0 (parameter 1 (member on (return (root https://www.npmjs.com/package/socket.io))))))),join
(return (member on (parameter 0 (parameter 1 (member on (return (root https://www.npmjs.com/package/socket.io))))))),join
(return (member on (parameter 0 (parameter 1 (member on (return (root https://www.npmjs.com/package/socket.io))))))),join
(return (member on (parameter 0 (parameter 1 (member on (return (root https://www.npmjs.com/package/socket.io))))))),join
(return (member on (parameter 0 (parameter 1 (member on (return (root https://www.npmjs.com/package/socket.io))))))),join
(return (member on (parameter 0 (parameter 1 (member on (return (root https://www.npmjs.com/package/socket.io))))))),wrap
(return (member on (return (member of (return (root https://www.npmjs.com/package/socket.io)))))),connect
(return (member on (return (member of (return (root https://www.npmjs.com/package/socket.io)))))),connection
(return (member on (return (member of (return (root https://www.npmjs.com/package/socket.io)))))),connection
(return (member on (return (member of (return (root https://www.npmjs.com/package/socket.io)))))),connection
(return (member on (return (member of (return (root https://www.npmjs.com/package/socket.io)))))),connection
(return (member on (return (member of (return (root https://www.npmjs.com/package/socket.io)))))),connection
(return (member on (return (member of (return (root https://www.npmjs.com/package/socket.io)))))),connection
(return (member on (return (member of (return (root https://www.npmjs.com/package/socket.io)))))),connection
(return (member on (return (member of (return (root https://www.npmjs.com/package/socket.io)))))),connection
(return (member on (return (member of (return (root https://www.npmjs.com/package/socket.io)))))),connection
(return (member on (return (member of (return (root https://www.npmjs.com/package/socket.io)))))),connection
(return (member on (return (member of (return (root https://www.npmjs.com/package/socket.io)))))),connection
(return (member on (return (member of (return (root https://www.npmjs.com/package/socket.io)))))),connection
(return (member on (return (member of (return (root https://www.npmjs.com/package/socket.io)))))),connection
(return (member on (return (member of (return (root https://www.npmjs.com/package/socket.io)))))),connection
(return (member on (return (member of (return (root https://www.npmjs.com/package/socket.io)))))),connection
(return (member on (return (member of (return (root https://www.npmjs.com/package/socket.io)))))),connection
(return (member on (return (member of (return (root https://www.npmjs.com/package/socket.io)))))),connection
(return (member on (return (member of (return (root https://www.npmjs.com/package/socket.io)))))),connection
(return (member on (return (root https://www.npmjs.com/package/socket.io)))),connect
(return (member on (return (root https://www.npmjs.com/package/socket.io)))),connection
(return (member on (return (root https://www.npmjs.com/package/socket.io)))),connection
(return (member on (return (root https://www.npmjs.com/package/socket.io)))),connection
(return (member on (return (root https://www.npmjs.com/package/socket.io)))),connection
(return (member on (return (root https://www.npmjs.com/package/socket.io)))),connection
(return (member on (return (root https://www.npmjs.com/package/socket.io)))),connection
(return (member on (return (root https://www.npmjs.com/package/socket.io)))),connection
(return (member on (return (root https://www.npmjs.com/package/socket.io)))),connection
(return (member on (return (root https://www.npmjs.com/package/socket.io)))),connection
(return (member on (return (root https://www.npmjs.com/package/socket.io)))),connection
(return (member on (return (root https://www.npmjs.com/package/socket.io)))),connection
(return (member on (return (root https://www.npmjs.com/package/socket.io)))),connection
(return (member on (return (root https://www.npmjs.com/package/socket.io)))),connection
(return (member on (return (root https://www.npmjs.com/package/socket.io)))),connection
(return (member on (return (root https://www.npmjs.com/package/socket.io)))),connection
(return (member on (return (root https://www.npmjs.com/package/socket.io)))),connection
(return (member on (return (root https://www.npmjs.com/package/socket.io)))),connection
(return (member on (return (root https://www.npmjs.com/package/socket.io)))),connection
(return (member on (return (root https://www.npmjs.com/package/socket.io)))),connection
(return (member on (return (root https://www.npmjs.com/package/socket.io)))),connection
(return (member on (return (root https://www.npmjs.com/package/socket.io)))),connection
(return (member on (return (root https://www.npmjs.com/package/socket.io)))),connection
(return (member on (return (root https://www.npmjs.com/package/socket.io)))),connection
(return (member on (return (root https://www.npmjs.com/package/socket.io)))),connection
(return (member on (return (root https://www.npmjs.com/package/socket.io)))),connection
(return (member on (return (root https://www.npmjs.com/package/socket.io)))),connection
(return (member on (return (root https://www.npmjs.com/package/socket.io)))),connection
(return (member on (return (root https://www.npmjs.com/package/socket.io)))),connection
(return (member on (return (root https://www.npmjs.com/package/socket.io)))),connection
(return (member on (return (root https://www.npmjs.com/package/socket.io)))),connection
(return (member on (return (root https://www.npmjs.com/package/socket.io)))),connection
(return (member on (return (root https://www.npmjs.com/package/socket.io)))),connection
(return (member on (return (root https://www.npmjs.com/package/socket.io)))),connection
(return (member on (return (root https://www.npmjs.com/package/socket.io)))),connection
(return (member on (return (root https://www.npmjs.com/package/socket.io)))),connection
(return (member on (return (root https://www.npmjs.com/package/socket.io)))),connection
(return (member on (return (root https://www.npmjs.com/package/socket.io)))),connection
(return (member on (return (root https://www.npmjs.com/package/socket.io)))),connection
(return (member on (return (root https://www.npmjs.com/package/socket.io)))),connection
(return (member on (return (root https://www.npmjs.com/package/socket.io)))),connection
(return (member on (return (root https://www.npmjs.com/package/socket.io)))),connection
(return (member on (return (root https://www.npmjs.com/package/socket.io)))),connection
(return (member on (return (root https://www.npmjs.com/package/socket.io)))),connection
(return (member on (return (root https://www.npmjs.com/package/socket.io)))),connection
(return (member on (return (root https://www.npmjs.com/package/socket.io)))),connection
(return (member on (return (root https://www.npmjs.com/package/socket.io)))),connection
(return (member on (return (root https://www.npmjs.com/package/socket.io)))),connection
(return (member on (return (root https://www.npmjs.com/package/socket.io)))),connection
(return (member on (return (root https://www.npmjs.com/package/socket.io)))),connection
(return (member on (return (root https://www.npmjs.com/package/socket.io)))),connection
(return (member on (return (root https://www.npmjs.com/package/socket.io)))),connection
(return (member on (return (root https://www.npmjs.com/package/socket.io)))),connection
(return (member on (return (root https://www.npmjs.com/package/socket.io)))),connection
(return (member on (return (root https://www.npmjs.com/package/socket.io)))),connection
(return (member on (return (root https://www.npmjs.com/package/socket.io)))),connection
(return (member on (return (root https://www.npmjs.com/package/socket.io)))),connection
(return (member on (return (root https://www.npmjs.com/package/socket.io)))),connection
(return (member on (return (root https://www.npmjs.com/package/socket.io)))),connection
(return (member on (return (root https://www.npmjs.com/package/socket.io)))),connection
(return (member on (return (root https://www.npmjs.com/package/socket.io)))),connection
(return (member on (return (root https://www.npmjs.com/package/socket.io)))),connection
(return (member on (return (root https://www.npmjs.com/package/socket.io)))),connection
(return (member on (return (root https://www.npmjs.com/package/socket.io)))),connection
(return (member once (member conn (parameter 0 (parameter 1 (member on (return (member of (return (root https://www.npmjs.com/package/socket.io)))))))))),packetCreate
(return (member once (member conn (parameter 0 (parameter 1 (member on (return (member of (return (root https://www.npmjs.com/package/socket.io)))))))))),packetCreate
(return (member once (member conn (parameter 0 (parameter 1 (member on (return (member of (return (root https://www.npmjs.com/package/socket.io)))))))))),packetCreate
(return (member once (member conn (parameter 0 (parameter 1 (member on (return (member of (return (root https://www.npmjs.com/package/socket.io)))))))))),packetCreate
(return (member once (parameter 0 (parameter 1 (member on (return (root https://www.npmjs.com/package/socket.io))))))),error
(return (member once (parameter 0 (parameter 1 (member on (return (root https://www.npmjs.com/package/socket.io))))))),error
(return (root https://www.npmjs.com/package/socket.io)),connection
(return (root https://www.npmjs.com/package/socket.io)),connection
(return (root https://www.npmjs.com/package/socket.io)),connect
(return (root https://www.npmjs.com/package/socket.io)),connection
(return (root https://www.npmjs.com/package/socket.io)),connection
(return (root https://www.npmjs.com/package/socket.io)),connection
(return (root https://www.npmjs.com/package/socket.io)),connection
(return (root https://www.npmjs.com/package/socket.io)),connection
(return (root https://www.npmjs.com/package/socket.io)),connection
(return (root https://www.npmjs.com/package/socket.io)),connection
(return (root https://www.npmjs.com/package/socket.io)),connection
(return (root https://www.npmjs.com/package/socket.io)),connection
(return (root https://www.npmjs.com/package/socket.io)),connection
(return (root https://www.npmjs.com/package/socket.io)),connection
(return (root https://www.npmjs.com/package/socket.io)),connection
(return (root https://www.npmjs.com/package/socket.io)),connection
(return (root https://www.npmjs.com/package/socket.io)),connection
(return (root https://www.npmjs.com/package/socket.io)),connection
(return (root https://www.npmjs.com/package/socket.io)),connection
(return (root https://www.npmjs.com/package/socket.io)),connection
(return (root https://www.npmjs.com/package/socket.io)),connection
(return (root https://www.npmjs.com/package/socket.io)),connection
(return (root https://www.npmjs.com/package/socket.io)),connection
(return (root https://www.npmjs.com/package/socket.io)),connection
(return (root https://www.npmjs.com/package/socket.io)),connection
(return (root https://www.npmjs.com/package/socket.io)),connection
(return (root https://www.npmjs.com/package/socket.io)),connection
(return (root https://www.npmjs.com/package/socket.io)),connection
(return (root https://www.npmjs.com/package/socket.io)),connection
(return (root https://www.npmjs.com/package/socket.io)),connection
(return (root https://www.npmjs.com/package/socket.io)),connection
(return (root https://www.npmjs.com/package/socket.io)),connection
(return (root https://www.npmjs.com/package/socket.io)),connection
(return (root https://www.npmjs.com/package/socket.io)),connection
(return (root https://www.npmjs.com/package/socket.io)),connection
(return (root https://www.npmjs.com/package/socket.io)),connection
(return (root https://www.npmjs.com/package/socket.io)),connection
(return (root https://www.npmjs.com/package/socket.io)),connection
(return (root https://www.npmjs.com/package/socket.io)),connection
(return (root https://www.npmjs.com/package/socket.io)),connection
(return (root https://www.npmjs.com/package/socket.io)),connection
(return (root https://www.npmjs.com/package/socket.io)),connection
(return (root https://www.npmjs.com/package/socket.io)),connection
(return (root https://www.npmjs.com/package/socket.io)),connection
(return (root https://www.npmjs.com/package/socket.io)),connection
(return (root https://www.npmjs.com/package/socket.io)),connection
(return (root https://www.npmjs.com/package/socket.io)),connection
(return (root https://www.npmjs.com/package/socket.io)),connection
(return (root https://www.npmjs.com/package/socket.io)),connection
(return (root https://www.npmjs.com/package/socket.io)),connection
(return (root https://www.npmjs.com/package/socket.io)),connection
(return (root https://www.npmjs.com/package/socket.io)),connection
(return (root https://www.npmjs.com/package/socket.io)),connection
(return (root https://www.npmjs.com/package/socket.io)),connection
(return (root https://www.npmjs.com/package/socket.io)),connection
(return (root https://www.npmjs.com/package/socket.io)),connection
(return (root https://www.npmjs.com/package/socket.io)),connection
(return (root https://www.npmjs.com/package/socket.io)),connection
(return (root https://www.npmjs.com/package/socket.io)),connection
(return (root https://www.npmjs.com/package/socket.io)),connection
(return (root https://www.npmjs.com/package/socket.io)),connection
(return (root https://www.npmjs.com/package/socket.io)),connection
(return (root https://www.npmjs.com/package/socket.io)),connection
(return (root https://www.npmjs.com/package/socket.io)),connection
(return (member connect (root https://www.npmjs.com/package/net))),drain
(return (member connect (root https://www.npmjs.com/package/net))),connect
(return (member connect (root https://www.npmjs.com/package/net))),connect
(return (member connect (root https://www.npmjs.com/package/net))),connect
(return (member connect (root https://www.npmjs.com/package/net))),connect
(return (member on (return (member connect (root https://www.npmjs.com/package/net))))),drain
(return (member on (return (member connect (root https://www.npmjs.com/package/net))))),connect
(return (member on (return (member connect (root https://www.npmjs.com/package/net))))),connect
(return (member on (return (member connect (root https://www.npmjs.com/package/net))))),connect
(return (member on (return (member connect (root https://www.npmjs.com/package/net))))),connect
(return (member createReadStream (root https://www.npmjs.com/package/fs))),end
(return (member createReadStream (root https://www.npmjs.com/package/fs))),open
(return (member createReadStream (root https://www.npmjs.com/package/fs))),data
(return (member createWriteStream (root https://www.npmjs.com/package/fs))),close
(return (member createWriteStream (root https://www.npmjs.com/package/fs))),drain
(return (member createWriteStream (root https://www.npmjs.com/package/fs))),finish
(return (member createWriteStream (root https://www.npmjs.com/package/fs))),open
(return (member createWriteStream (root https://www.npmjs.com/package/fs))),drain
(return (member createWriteStream (root https://www.npmjs.com/package/fs))),close
(return (member on (return (member createReadStream (root https://www.npmjs.com/package/fs))))),end
(return (member on (return (member createReadStream (root https://www.npmjs.com/package/fs))))),open
(return (member on (return (member createReadStream (root https://www.npmjs.com/package/fs))))),data
(return (member on (return (member createWriteStream (root https://www.npmjs.com/package/fs))))),close
(return (member on (return (member createWriteStream (root https://www.npmjs.com/package/fs))))),drain
(return (member on (return (member createWriteStream (root https://www.npmjs.com/package/fs))))),finish
(return (member on (return (member createWriteStream (root https://www.npmjs.com/package/fs))))),open
(return (member on (return (member createWriteStream (root https://www.npmjs.com/package/fs))))),drain
(return (member on (return (member createWriteStream (root https://www.npmjs.com/package/fs))))),close
(member engine (member io (return (root https://www.npmjs.com/package/socket.io-client)))),packetCreate
(member engine (member io (return (root https://www.npmjs.com/package/socket.io-client)))),packetCreate
(member io (return (root https://www.npmjs.com/package/socket.io-client))),reconnect
(parameter 0 (parameter 1 (member on (return (root https://www.npmjs.com/package/socket.io))))),abuff2
(parameter 0 (parameter 1 (member on (return (root https://www.npmjs.com/package/socket.io))))),ack
(parameter 0 (parameter 1 (member on (return (root https://www.npmjs.com/package/socket.io))))),blob
(parameter 0 (parameter 1 (member on (return (root https://www.npmjs.com/package/socket.io))))),blob3
(parameter 0 (parameter 1 (member on (return (root https://www.npmjs.com/package/socket.io))))),buffa
(parameter 0 (parameter 1 (member on (return (root https://www.npmjs.com/package/socket.io))))),doge
(parameter 0 (parameter 1 (member on (return (root https://www.npmjs.com/package/socket.io))))),FALSE
(parameter 0 (parameter 1 (member on (return (root https://www.npmjs.com/package/socket.io))))),getAckDate
(parameter 0 (parameter 1 (member on (return (root https://www.npmjs.com/package/socket.io))))),getDate
(parameter 0 (parameter 1 (member on (return (root https://www.npmjs.com/package/socket.io))))),getDateObj
(parameter 0 (parameter 1 (member on (return (root https://www.npmjs.com/package/socket.io))))),getHandshake
(parameter 0 (parameter 1 (member on (return (root https://www.npmjs.com/package/socket.io))))),getUtf8
(parameter 0 (parameter 1 (member on (return (root https://www.npmjs.com/package/socket.io))))),getbin
(parameter 0 (parameter 1 (member on (return (root https://www.npmjs.com/package/socket.io))))),hi
(parameter 0 (parameter 1 (member on (return (root https://www.npmjs.com/package/socket.io))))),jsonblob
(parameter 0 (parameter 1 (member on (return (root https://www.npmjs.com/package/socket.io))))),jsonbuff
(parameter 0 (parameter 1 (member on (return (root https://www.npmjs.com/package/socket.io))))),abuff1
(parameter 0 (parameter 1 (member on (return (root https://www.npmjs.com/package/socket.io))))),blob1
(parameter 0 (parameter 1 (member on (return (root https://www.npmjs.com/package/socket.io))))),blob2
(return (member Manager (root https://www.npmjs.com/package/socket.io-client))),reconnect_failed
(return (member Manager (root https://www.npmjs.com/package/socket.io-client))),reconnect_failed
(return (member Manager (root https://www.npmjs.com/package/socket.io-client))),reconnect_failed
(return (member Manager (root https://www.npmjs.com/package/socket.io-client))),reconnect_attempt
(return (member Manager (root https://www.npmjs.com/package/socket.io-client))),reconnect_attempt
(return (member Manager (root https://www.npmjs.com/package/socket.io-client))),reconnect_attempt
(return (member Manager (root https://www.npmjs.com/package/socket.io-client))),reconnect_attempt
(return (member Manager (root https://www.npmjs.com/package/socket.io-client))),connect_error
(return (member Manager (root https://www.npmjs.com/package/socket.io-client))),reconnect_attempt
(return (member Manager (root https://www.npmjs.com/package/socket.io-client))),reconnect_attempt
(return (member of (return (root https://www.npmjs.com/package/socket.io)))),connection
(return (member of (return (root https://www.npmjs.com/package/socket.io)))),connection
(return (member of (return (root https://www.npmjs.com/package/socket.io)))),connection
(return (member of (return (root https://www.npmjs.com/package/socket.io)))),connection
(return (member of (return (root https://www.npmjs.com/package/socket.io)))),connection
(return (member on (member io (return (root https://www.npmjs.com/package/socket.io-client))))),reconnect
(return (member on (parameter 0 (parameter 1 (member on (return (root https://www.npmjs.com/package/socket.io))))))),abuff2
(return (member on (parameter 0 (parameter 1 (member on (return (root https://www.npmjs.com/package/socket.io))))))),ack
(return (member on (parameter 0 (parameter 1 (member on (return (root https://www.npmjs.com/package/socket.io))))))),blob
(return (member on (parameter 0 (parameter 1 (member on (return (root https://www.npmjs.com/package/socket.io))))))),blob3
(return (member on (parameter 0 (parameter 1 (member on (return (root https://www.npmjs.com/package/socket.io))))))),buffa
(return (member on (parameter 0 (parameter 1 (member on (return (root https://www.npmjs.com/package/socket.io))))))),doge
(return (member on (parameter 0 (parameter 1 (member on (return (root https://www.npmjs.com/package/socket.io))))))),FALSE
(return (member on (parameter 0 (parameter 1 (member on (return (root https://www.npmjs.com/package/socket.io))))))),getAckDate
(return (member on (parameter 0 (parameter 1 (member on (return (root https://www.npmjs.com/package/socket.io))))))),getDate
(return (member on (parameter 0 (parameter 1 (member on (return (root https://www.npmjs.com/package/socket.io))))))),getDateObj
(return (member on (parameter 0 (parameter 1 (member on (return (root https://www.npmjs.com/package/socket.io))))))),getHandshake
(return (member on (parameter 0 (parameter 1 (member on (return (root https://www.npmjs.com/package/socket.io))))))),getUtf8
(return (member on (parameter 0 (parameter 1 (member on (return (root https://www.npmjs.com/package/socket.io))))))),getbin
(return (member on (parameter 0 (parameter 1 (member on (return (root https://www.npmjs.com/package/socket.io))))))),hi
(return (member on (parameter 0 (parameter 1 (member on (return (root https://www.npmjs.com/package/socket.io))))))),jsonblob
(return (member on (parameter 0 (parameter 1 (member on (return (root https://www.npmjs.com/package/socket.io))))))),jsonbuff
(return (member on (parameter 0 (parameter 1 (member on (return (root https://www.npmjs.com/package/socket.io))))))),abuff1
(return (member on (parameter 0 (parameter 1 (member on (return (root https://www.npmjs.com/package/socket.io))))))),blob1
(return (member on (parameter 0 (parameter 1 (member on (return (root https://www.npmjs.com/package/socket.io))))))),blob2
(return (member on (return (member Manager (root https://www.npmjs.com/package/socket.io-client))))),reconnect_failed
(return (member on (return (member Manager (root https://www.npmjs.com/package/socket.io-client))))),reconnect_failed
(return (member on (return (member Manager (root https://www.npmjs.com/package/socket.io-client))))),connect_error
(return (member on (return (member Manager (root https://www.npmjs.com/package/socket.io-client))))),reconnect_failed
(return (member on (return (member Manager (root https://www.npmjs.com/package/socket.io-client))))),reconnect_attempt
(return (member on (return (member Manager (root https://www.npmjs.com/package/socket.io-client))))),reconnect_attempt
(return (member on (return (member Manager (root https://www.npmjs.com/package/socket.io-client))))),reconnect_attempt
(return (member on (return (member Manager (root https://www.npmjs.com/package/socket.io-client))))),reconnect_attempt
(return (member on (return (member Manager (root https://www.npmjs.com/package/socket.io-client))))),reconnect_attempt
(return (member on (return (member Manager (root https://www.npmjs.com/package/socket.io-client))))),reconnect_attempt
(return (member on (return (member of (return (root https://www.npmjs.com/package/socket.io)))))),connection
(return (member on (return (member of (return (root https://www.npmjs.com/package/socket.io)))))),connection
(return (member on (return (member of (return (root https://www.npmjs.com/package/socket.io)))))),connection
(return (member on (return (member of (return (root https://www.npmjs.com/package/socket.io)))))),connection
(return (member on (return (member of (return (root https://www.npmjs.com/package/socket.io)))))),connection
(return (member on (return (member on (return (member socket (return (member Manager (root https://www.npmjs.com/package/socket.io-client))))))))),disconnect
(return (member on (return (member socket (return (member Manager (root https://www.npmjs.com/package/socket.io-client))))))),connect
(return (member on (return (member socket (return (member Manager (root https://www.npmjs.com/package/socket.io-client))))))),connect
(return (member on (return (member socket (return (member Manager (root https://www.npmjs.com/package/socket.io-client))))))),connect_error
(return (member on (return (member socket (return (member Manager (root https://www.npmjs.com/package/socket.io-client))))))),reconnect_attempt
(return (member on (return (member socket (return (member Manager (root https://www.npmjs.com/package/socket.io-client))))))),reconnect_failed
(return (member on (return (member socket (return (member Manager (root https://www.npmjs.com/package/socket.io-client))))))),connect
(return (member on (return (member socket (return (member Manager (root https://www.npmjs.com/package/socket.io-client))))))),error
(return (member on (return (member socket (return (member Manager (root https://www.npmjs.com/package/socket.io-client))))))),reconnect_failed
(return (member on (return (member socket (return (member Manager (root https://www.npmjs.com/package/socket.io-client))))))),reconnect_failed
(return (member on (return (member socket (return (member Manager (root https://www.npmjs.com/package/socket.io-client))))))),connect
(return (member on (return (member socket (return (member Manager (root https://www.npmjs.com/package/socket.io-client))))))),connect
(return (member on (return (member socket (return (member Manager (root https://www.npmjs.com/package/socket.io-client))))))),connect
(return (member on (return (member socket (return (member Manager (root https://www.npmjs.com/package/socket.io-client))))))),disconnect
(return (member on (return (member socket (return (member Manager (root https://www.npmjs.com/package/socket.io-client))))))),reconnect_attempt
(return (member on (return (member socket (return (member Manager (root https://www.npmjs.com/package/socket.io-client))))))),reconnecting
(return (member on (return (member socket (return (member Manager (root https://www.npmjs.com/package/socket.io-client))))))),connect
(return (member on (return (member socket (return (member Manager (root https://www.npmjs.com/package/socket.io-client))))))),connect
(return (member on (return (member socket (return (member Manager (root https://www.npmjs.com/package/socket.io-client))))))),connect
(return (member on (return (root https://www.npmjs.com/package/socket.io)))),connection
(return (member on (return (root https://www.npmjs.com/package/socket.io-client)))),handshake
(return (member on (return (root https://www.npmjs.com/package/socket.io-client)))),handshake
(return (member on (return (root https://www.npmjs.com/package/socket.io-client)))),handshake
(return (member on (return (root https://www.npmjs.com/package/socket.io-client)))),reconnect_attempt
(return (member on (return (root https://www.npmjs.com/package/socket.io-client)))),reconnect_attempt
(return (member on (return (root https://www.npmjs.com/package/socket.io-client)))),reconnect_attempt
(return (member on (return (root https://www.npmjs.com/package/socket.io-client)))),abuff2-ack
(return (member on (return (root https://www.npmjs.com/package/socket.io-client)))),back
(return (member on (return (root https://www.npmjs.com/package/socket.io-client)))),blob3-ack
(return (member on (return (root https://www.npmjs.com/package/socket.io-client)))),buffack
(return (member on (return (root https://www.npmjs.com/package/socket.io-client)))),disconnect
(return (member on (return (root https://www.npmjs.com/package/socket.io-client)))),doge
(return (member on (return (root https://www.npmjs.com/package/socket.io-client)))),jsonblob-ack
(return (member on (return (root https://www.npmjs.com/package/socket.io-client)))),jsonbuff-ack
(return (member on (return (root https://www.npmjs.com/package/socket.io-client)))),reconnect
(return (member on (return (root https://www.npmjs.com/package/socket.io-client)))),reconnect
(return (member on (return (root https://www.npmjs.com/package/socket.io-client)))),reconnect_attempt
(return (member on (return (root https://www.npmjs.com/package/socket.io-client)))),takebin
(return (member on (return (root https://www.npmjs.com/package/socket.io-client)))),connect
(return (member on (return (root https://www.npmjs.com/package/socket.io-client)))),error
(return (member on (return (root https://www.npmjs.com/package/socket.io-client)))),connect_error
(return (member on (return (root https://www.npmjs.com/package/socket.io-client)))),error
(return (member on (return (root https://www.npmjs.com/package/socket.io-client)))),connect_error
(return (member on (return (root https://www.npmjs.com/package/socket.io-client)))),ack
(return (member on (return (root https://www.npmjs.com/package/socket.io-client)))),connect
(return (member on (return (root https://www.npmjs.com/package/socket.io-client)))),connect
(return (member on (return (root https://www.npmjs.com/package/socket.io-client)))),connect
(return (member on (return (root https://www.npmjs.com/package/socket.io-client)))),connect
(return (member on (return (root https://www.npmjs.com/package/socket.io-client)))),connect
(return (member on (return (root https://www.npmjs.com/package/socket.io-client)))),connect
(return (member on (return (root https://www.npmjs.com/package/socket.io-client)))),FALSE
(return (member on (return (root https://www.npmjs.com/package/socket.io-client)))),got it
(return (member on (return (root https://www.npmjs.com/package/socket.io-client)))),hi
(return (member on (return (root https://www.npmjs.com/package/socket.io-client)))),reconnect
(return (member on (return (root https://www.npmjs.com/package/socket.io-client)))),takeDate
(return (member on (return (root https://www.npmjs.com/package/socket.io-client)))),takeDateObj
(return (member on (return (root https://www.npmjs.com/package/socket.io-client)))),takeUtf8
(return (member once (member engine (member io (return (root https://www.npmjs.com/package/socket.io-client)))))),packetCreate
(return (member once (member engine (member io (return (root https://www.npmjs.com/package/socket.io-client)))))),packetCreate
(return (member once (return (member once (return (root https://www.npmjs.com/package/socket.io-client)))))),disconnect
(return (member once (return (member once (return (root https://www.npmjs.com/package/socket.io-client)))))),disconnect
(return (member once (return (member socket (return (member Manager (root https://www.npmjs.com/package/socket.io-client))))))),reconnect_failed
(return (member once (return (root https://www.npmjs.com/package/socket.io-client)))),connect
(return (member once (return (root https://www.npmjs.com/package/socket.io-client)))),ping
(return (member once (return (root https://www.npmjs.com/package/socket.io-client)))),pong
(return (member once (return (root https://www.npmjs.com/package/socket.io-client)))),reconnect_attempt
(return (member once (return (root https://www.npmjs.com/package/socket.io-client)))),reconnect_attempt
(return (member once (return (root https://www.npmjs.com/package/socket.io-client)))),connect
(return (member once (return (root https://www.npmjs.com/package/socket.io-client)))),connect
(return (member once (return (root https://www.npmjs.com/package/socket.io-client)))),disconnect
(return (member once (return (root https://www.npmjs.com/package/socket.io-client)))),disconnect
(return (member socket (return (member Manager (root https://www.npmjs.com/package/socket.io-client))))),connect
(return (member socket (return (member Manager (root https://www.npmjs.com/package/socket.io-client))))),connect
(return (member socket (return (member Manager (root https://www.npmjs.com/package/socket.io-client))))),connect
(return (member socket (return (member Manager (root https://www.npmjs.com/package/socket.io-client))))),connect
(return (member socket (return (member Manager (root https://www.npmjs.com/package/socket.io-client))))),connect_error
(return (member socket (return (member Manager (root https://www.npmjs.com/package/socket.io-client))))),reconnect_attempt
(return (member socket (return (member Manager (root https://www.npmjs.com/package/socket.io-client))))),reconnect_failed
(return (member socket (return (member Manager (root https://www.npmjs.com/package/socket.io-client))))),reconnect_failed
(return (member socket (return (member Manager (root https://www.npmjs.com/package/socket.io-client))))),connect
(return (member socket (return (member Manager (root https://www.npmjs.com/package/socket.io-client))))),error
(return (member socket (return (member Manager (root https://www.npmjs.com/package/socket.io-client))))),reconnect_failed
(return (member socket (return (member Manager (root https://www.npmjs.com/package/socket.io-client))))),reconnect_failed
(return (member socket (return (member Manager (root https://www.npmjs.com/package/socket.io-client))))),reconnect_attempt
(return (member socket (return (member Manager (root https://www.npmjs.com/package/socket.io-client))))),reconnecting
(return (member socket (return (member Manager (root https://www.npmjs.com/package/socket.io-client))))),connect
(return (member socket (return (member Manager (root https://www.npmjs.com/package/socket.io-client))))),connect
(return (member socket (return (member Manager (root https://www.npmjs.com/package/socket.io-client))))),connect
(return (member socket (return (member Manager (root https://www.npmjs.com/package/socket.io-client))))),disconnect
(return (member socket (return (member Manager (root https://www.npmjs.com/package/socket.io-client))))),connect
(return (root https://www.npmjs.com/package/socket.io)),connection
(return (root https://www.npmjs.com/package/socket.io-client)),handshake
(return (root https://www.npmjs.com/package/socket.io-client)),handshake
(return (root https://www.npmjs.com/package/socket.io-client)),handshake
(return (root https://www.npmjs.com/package/socket.io-client)),connect
(return (root https://www.npmjs.com/package/socket.io-client)),error
(return (root https://www.npmjs.com/package/socket.io-client)),reconnect_attempt
(return (root https://www.npmjs.com/package/socket.io-client)),reconnect_attempt
(return (root https://www.npmjs.com/package/socket.io-client)),reconnect_attempt
(return (root https://www.npmjs.com/package/socket.io-client)),connect_error
(return (root https://www.npmjs.com/package/socket.io-client)),reconnect_attempt
(return (root https://www.npmjs.com/package/socket.io-client)),reconnect_attempt
(return (root https://www.npmjs.com/package/socket.io-client)),error
(return (root https://www.npmjs.com/package/socket.io-client)),connect_error
(return (root https://www.npmjs.com/package/socket.io-client)),abuff2-ack
(return (root https://www.npmjs.com/package/socket.io-client)),back
(return (root https://www.npmjs.com/package/socket.io-client)),blob3-ack
(return (root https://www.npmjs.com/package/socket.io-client)),buffack
(return (root https://www.npmjs.com/package/socket.io-client)),disconnect
(return (root https://www.npmjs.com/package/socket.io-client)),doge
(return (root https://www.npmjs.com/package/socket.io-client)),jsonblob-ack
(return (root https://www.npmjs.com/package/socket.io-client)),jsonbuff-ack
(return (root https://www.npmjs.com/package/socket.io-client)),reconnect
(return (root https://www.npmjs.com/package/socket.io-client)),reconnect
(return (root https://www.npmjs.com/package/socket.io-client)),reconnect_attempt
(return (root https://www.npmjs.com/package/socket.io-client)),takebin
(return (root https://www.npmjs.com/package/socket.io-client)),connect
(return (root https://www.npmjs.com/package/socket.io-client)),ping
(return (root https://www.npmjs.com/package/socket.io-client)),pong
(return (root https://www.npmjs.com/package/socket.io-client)),ack
(return (root https://www.npmjs.com/package/socket.io-client)),connect
(return (root https://www.npmjs.com/package/socket.io-client)),connect
(return (root https://www.npmjs.com/package/socket.io-client)),connect
(return (root https://www.npmjs.com/package/socket.io-client)),connect
(return (root https://www.npmjs.com/package/socket.io-client)),connect
(return (root https://www.npmjs.com/package/socket.io-client)),connect
(return (root https://www.npmjs.com/package/socket.io-client)),FALSE
(return (root https://www.npmjs.com/package/socket.io-client)),got it
(return (root https://www.npmjs.com/package/socket.io-client)),hi
(return (root https://www.npmjs.com/package/socket.io-client)),reconnect
(return (root https://www.npmjs.com/package/socket.io-client)),takeDate
(return (root https://www.npmjs.com/package/socket.io-client)),takeDateObj
(return (root https://www.npmjs.com/package/socket.io-client)),takeUtf8
(return (root https://www.npmjs.com/package/socket.io-client)),connect
(return (root https://www.npmjs.com/package/socket.io-client)),connect
(return (root https://www.npmjs.com/package/socket.io-client)),disconnect
(return (root https://www.npmjs.com/package/socket.io-client)),disconnect